titles,author,prizes,Stars
Karma: A Yogi's Guide to Crafting Your Destiny,Sadhguru,264,4.6 out of 5 stars
Ikigai: The Japanese secret to a long and happy life,Héctor García,295,4.6 out of 5 stars
My First Library: Boxset of 10 Board Books for Kids,Wonder House Books,399,4.5 out of 5 stars
My First Book of Patterns Pencil Control: Patterns Practice book for kids (Pattern Writing),Wonder House Books,89,4.4 out of 5 stars
Indian Polity - For Civil Services and Other State Examinations | 6th Edition,M. Laxmikanth,625,4.6 out of 5 stars
"Grandma's Bag of Stories: Collection of 20+ Illustrated short stories, traditional Indian folk tales for all ages for children of all ages by Sudha Murty",['author not avaible'],204,4.6 out of 5 stars
Rich Dad Poor Dad: What the Rich Teach Their Kids About Money That the Poor and Middle Class Do Not!,Robert T. Kiyosaki,302,4.6 out of 5 stars
The Alchemist,Paulo Coelho,198,4.6 out of 5 stars
The Psychology of Money,Morgan Housel,355,4.6 out of 5 stars
World’s Greatest Books For Personal Growth & Wealth (Set of 4 Books): Perfect Motivational Gift Set,['author not avaible'],299,4.5 out of 5 stars
"Writing Practice Boxset: Pack of 4 Books (Writing Fun: Write and Practice Capital Letters, Small Letters, Patterns and Numbers 1 to 10)",Wonder House Books,159,4.4 out of 5 stars
Very First Sight Words Sentences Level - 1,Dreamland Publications,108,4.5 out of 5 stars
Quantitative Aptitude for Competitive Examinations,R S Aggarwal,480,4.4 out of 5 stars
The Power of Your Subconscious Mind,Joseph Murphy,119,4.5 out of 5 stars
26 Years UPSC IAS/ IPS Prelims Topic-wise Solved Papers 1 & 2 (1995 - 2020) 11th Edition,Mrunal Patel,327,4.5 out of 5 stars
Picture Books Collection for Early Learning (Set of 12),['author not avaible'],235,4.2 out of 5 stars
101 Brain Booster Activity Book: Fun Activity Book For Children,Wonder House Books,129,4.4 out of 5 stars
Atomic Habits: The life-changing million copy bestseller,James Clear,646,4.6 out of 5 stars
Word Power Made Easy,Norman Lewis,95,4.4 out of 5 stars
One Arranged Murder,Chetan Bhagat,152,4.3 out of 5 stars
Life's Amazing Secrets: How to Find Balance and Purpose in Your Life,Gaur Gopal Das,205,4.6 out of 5 stars
Mathematics for Class 10 by R D Sharma (Examination 2021-22),['author not avaible'],530,4.6 out of 5 stars
1001 Activities Book,['author not avaible'],240,4.5 out of 5 stars
General Knowledge,['author not avaible'],168,4.4 out of 5 stars
Objective NCERT at your FINGERTIPS for NEET-AIIMS - Biology,['author not avaible'],562,4.6 out of 5 stars
Think Like a Monk: The secret of how to harness the power of positivity and be happy now,Jay Shetty,300,4.7 out of 5 stars
101 Panchatantra Stories for Children: Colourful Illustrated Stories,Om Books Editorial Team,135,4.5 out of 5 stars
"Brain Games for Clever Kids: Puzzles to Exercise Your Mind (Buster Brain Games, 1)",['author not avaible'],199,4.3 out of 5 stars
Oxford Student Atlas for India - Third Edition,['author not avaible'],247,4.6 out of 5 stars
My Activity- ABC Colouring Book,['author not avaible'],60,4.4 out of 5 stars
Harry Potter and the Philosopher's Stone,J.K. Rowling,280,4.7 out of 5 stars
Refreshing Mandala - Colouring Book for Adults Book 1,['author not avaible'],150,4.6 out of 5 stars
Lines and Curves (Pattern Writing) - Part 1,['author not avaible'],60,4.4 out of 5 stars
"The Magic of the Lost Temple: Illustrated, easy to read and much-loved first full length children’s fiction novel by Sudha Murty for ages 8–12",['author not avaible'],149,4.7 out of 5 stars
Death; An Inside Story: A book for all those who shall die,Sadhguru,205,4.7 out of 5 stars
Concept of Physics Part-1 (2019-2020 Session) by H.C Verma,H.C. Verma,347,4.6 out of 5 stars
Attitude Is Everything: Change Your Attitude ... Change Your Life!,Jeff Keller,161,4.5 out of 5 stars
The Monk Who Sold His Ferrari,Robin Sharma,161,4.5 out of 5 stars
"The Silent Patient: The record-breaking, multimillion copy Sunday Times bestselling thriller and Richard & Judy book club pick",Alex Michaelides,278,4.5 out of 5 stars
A Modern Approach to Verbal & Non-Verbal Reasoning (2 Colour Edition),R.S. Aggarwal,549,4.4 out of 5 stars
505 Activities for Kids,['author not avaible'],165,4.4 out of 5 stars
Sapiens: A Brief History of Humankind,Yuval Noah Harari,350,4.7 out of 5 stars
Moral Story Books for Kids (Pack of 10 Books) | 160 Total Pages | Illustrated Stories,['author not avaible'],225,4.3 out of 5 stars
The Intelligent Investor (English) Paperback – 2013,Benjamin Graham,539,4.5 out of 5 stars
Colour with Crayons Part - 1,['author not avaible'],56,4.2 out of 5 stars
The Blue Umbrella,Ruskin Bond,95,4.5 out of 5 stars
Certificate Physical And Human Geography; Indian Edition,['author not avaible'],274,4.5 out of 5 stars
"NCERT BOOK , Hornbill Textbook in English ,Snapshots Supplementary Reader in English for Class-XI (Core Course) ,[COMBO PACK]",['author not avaible'],120,4.4 out of 5 stars
Concept of Physics - Part 1 & 2 2019 - 2020 Session (Set of 2 books),['author not avaible'],700,4.6 out of 5 stars
Great Stories for Children,Ruskin Bond,195,4.5 out of 5 stars
Inner Engineering: A Yogi’s Guide to Joy,Sadhguru,194,4.6 out of 5 stars
"My First 1000 Words: Early Learning Picture Book to Learn Alphabet, Numbers, Shapes and Colours, Transport, Birds and Animals, Professions, Opposite ... Parts of The Body and Objects Around Us.",Wonder House Books,199,4.5 out of 5 stars
As a Man Thinketh,James Allen,59,4.5 out of 5 stars
My First ABC Sticker Book: Exciting Sticker Book With 100 Stickers,Wonder House Books,159,4.3 out of 5 stars
Autobiography of a Yogi,Paramahansa Yogananda,99,4.6 out of 5 stars
My Activity- ABC Writing Book,['author not avaible'],60,4.4 out of 5 stars
NCERT Textbooks in English for class 12 - Flamingo and Vistas - 12074 &12075,['author not avaible'],110,4.5 out of 5 stars
"The 5 AM Club: Own Your Morning, Elevate Your Life",Robin Sharma,243,4.4 out of 5 stars
Mandala: Colouring Books for Adults with Tear Out Sheets (Adult Colouring Book),Wonder House Books,129,4.5 out of 5 stars
Bhagavad Gita: Yatharoop (Hindi),['author not avaible'],197,4.7 out of 5 stars
Wuthering Heights,Emily Brontë,99,4.4 out of 5 stars
How to Stop Worrying and Start Living: Time-Tested Methods for Conquering Worry,Dale Carnegie,106,4.4 out of 5 stars
PERFECTION BOOK - ENGLISH WITH NIMISHA BANSAL,['author not avaible'],350,4.8 out of 5 stars
"Indian Economy for Civil Services, Universities and Other Examinations | 12th Revised Edition",Ramesh Singh,475,4.2 out of 5 stars
Animals Tales From Panchtantra: Timeless Stories for Children From Ancient India,Wonder House Books,159,4.6 out of 5 stars
Brilliant Brain Activity Book 4+,['author not avaible'],138,4.6 out of 5 stars
The Richest Man in Babylon,George S. Clason,99,4.4 out of 5 stars
The Complete Novels of Sherlock Holmes,Arthur Conan Doyle,136,4.5 out of 5 stars
365 Colouring Book,['author not avaible'],210,4.6 out of 5 stars
A Brief History of Modern India - 2020-21/edition,Rajiv Ahir,311,4.3 out of 5 stars
Pride & Prejudice,Jane Austen,99,4.5 out of 5 stars
101 Maze Activity Book: Fun Activity Book For Children,['author not avaible'],129,4.2 out of 5 stars
Man's Search For Meaning: The classic tribute to hope from the Holocaust,Viktor E Frankl,239,4.5 out of 5 stars
Introductory Macroeconomics for Class 12 (Examination 2020-2021),['author not avaible'],355,4.6 out of 5 stars
A Brief History of Modern India (2019-2020 Edition) by  Spectrum Books,['author not avaible'],399,4.5 out of 5 stars
Meri Pratham Hindi Sulekh Varnmala,Wonder House Books,99,4.5 out of 5 stars
T.S. Grewal's Double Entry Book Keeping: Accounting for Not-for-Profit Organizations and Partnership Firms -( Vol. 1) Textbook for CBSE Class 12 (2021-22 Session),['author not avaible'],475,4.6 out of 5 stars
101 Panchatantra Stories,Dreamland Publications,110,4.3 out of 5 stars
Mandala Art: Colouring Books for Adults with Tear Out Sheets (Adult Colouring Book),Wonder House Books,129,4.6 out of 5 stars
Best of Children’s Classics (Set of 5 Books): Perfect Gift Set for Kids,['author not avaible'],650,4.4 out of 5 stars
Mathematics for Class 9 by R D Sharma (Examination 2021-22),['author not avaible'],445,4.6 out of 5 stars
A Man Called Ove: The life-affirming bestseller that will brighten your day,Fredrik Backman,255,4.6 out of 5 stars
Indian Art and Culture for Civil Services and other Competitive Examinations,Nitin Singhania,507,4.6 out of 5 stars
GHAI ESSENTIAL PEDIATRICS 9ED (HB 2019),['author not avaible'],870,4.6 out of 5 stars
My First Complete Learning Library: Boxset of 20 Board Books Gift Set for Kids (Horizontal Design),Wonder House Books,799,4.6 out of 5 stars
Ruskin Bond - Best Selling Children Story Books Collection (Set of 4 Books),['author not avaible'],419,4.5 out of 5 stars
Brilliant Brain Activity Book 3+,['author not avaible'],138,4.6 out of 5 stars
The Theory of Everything: The Origin and Fate of the Universe,Stephen Hawking,156,4.6 out of 5 stars
"Three Thousand Stitches: Ordinary People, Extraordinary Lives",['author not avaible'],184,4.6 out of 5 stars
101 Crayon Coloring: Fun Activity Book For Children,Wonder House Books,139,4.5 out of 5 stars
All set to Read-A Phonic Reader-Level 1- PHONICS READERS- 6 books in a Box: Box set,['author not avaible'],487,4.6 out of 5 stars
CBSE All In One Social Science Class 10 for 2022 Exam,['author not avaible'],397,5.0 out of 5 stars
How to Win Friends and Influence People,Dale Carnegie,139,4.5 out of 5 stars
Very First Sight Words Sentences Level - 2,Dreamland Publications,120,4.6 out of 5 stars
Grandparents' Bag of Stories,['author not avaible'],184,4.7 out of 5 stars
Objective General English,S.P. Bakshi,210,4.3 out of 5 stars
Doodle Coloring For Girls (Doodle Coloring Books),Wonder House Books,70,4.5 out of 5 stars
Apke Avchetan Man Ki Shakti (The Power of your Subconscious Mind in Hindi),Joseph Murphy,99,4.4 out of 5 stars
"NCERT textbooks physics, chemistry and biology class 11(5 books combo) 2019 edition",['author not avaible'],860,4.1 out of 5 stars
The Subtle Art of Not Giving a F*ck: A Counterintuitive Approach to Living a Good Life,Mark Manson,320,4.5 out of 5 stars
